{
  "_fv": 77,
  "_type": "recipe",
  "definition": {
    "recipeType": "Stone cutting",
    "recipeRetstackSize": 1,
    "group": "a6",
    "cookingBookCategory": "MISC",
    "xpReward": 0.0,
    "cookingTime": 200,
    "craftingBookCategory": "MISC",
    "recipeShapeless": false,
    "stoneCuttingInputStack": {
      "value": "CUSTOM:AsphaltRoadBlock"
    },
    "stoneCuttingReturnStack": {
      "value": "CUSTOM:UTurnAsphaltPavementBlock"
    },
    "name": "a_6",
    "namespace": "mod"
  }
}