{
  "_fv": 77,
  "_type": "recipe",
  "definition": {
    "recipeType": "Crafting",
    "recipeRetstackSize": 32,
    "group": "b1",
    "cookingBookCategory": "MISC",
    "xpReward": 0.0,
    "cookingTime": 200,
    "craftingBookCategory": "MISC",
    "recipeShapeless": false,
    "recipeSlots": [
      {
        "value": "Blocks.GLASS_PANE"
      },
      {
        "value": "Blocks.GLASS_PANE"
      },
      {
        "value": "Blocks.GLASS_PANE"
      },
      {
        "value": "Items.REDSTONE"
      },
      {
        "value": "Items.REDSTONE"
      },
      {
        "value": "Items.REDSTONE"
      },
      {
        "value": "Items.IRON_INGOT"
      },
      {
        "value": "Items.IRON_INGOT"
      },
      {
        "value": "Items.IRON_INGOT"
      }
    ],
    "recipeReturnStack": {
      "value": "CUSTOM:RedstoneLEDTube"
    },
    "name": "b_1",
    "namespace": "mod"
  }
}