{
  "_fv": 77,
  "_type": "achievement",
  "definition": {
    "achievementName": "Hammer 1",
    "achievementDescription": "hammer",
    "achievementIcon": {
      "value": "CUSTOM:Hammer"
    },
    "background": "Default",
    "disableDisplay": false,
    "showPopup": true,
    "announceToChat": true,
    "hideIfNotCompleted": false,
    "rewardLoot": [],
    "rewardRecipes": [
      "Q2",
      "Q1",
      "W1",
      "B1"
    ],
    "rewardXP": 0,
    "achievementType": "task",
    "parent": {
      "value": "CUSTOM:AsphaltWorker"
    },
    "triggerxml": "<xml xmlns=\"https://developers.google.com/blockly/xml\"><block type=\"advancement_trigger\" deletable=\"false\" x=\"40\" y=\"80\"><next><block type=\"item_in_inventory\"><value name=\"amount_l\"><block type=\"math_number\"><field name=\"NUM\">1</field></block></value><value name=\"amount_h\"><block type=\"math_number\"><field name=\"NUM\">1</field></block></value><value name=\"item\"><block type=\"mcitem_all\"><field name=\"value\">CUSTOM:Hammer</field></block></value></block></next></block></xml>"
  }
}