{
  "_fv": 77,
  "_type": "recipe",
  "definition": {
    "recipeType": "Crafting",
    "recipeRetstackSize": 1,
    "group": "m1",
    "cookingBookCategory": "MISC",
    "xpReward": 0.0,
    "cookingTime": 200,
    "craftingBookCategory": "MISC",
    "recipeShapeless": false,
    "recipeSlots": [
      {
        "value": "CUSTOM:Hammer"
      },
      {
        "value": "CUSTOM:AsphaltRoadBlock"
      },
      {
        "value": ""
      },
      {
        "value": "Items.REDSTONE"
      },
      {
        "value": "CUSTOM:RedstoneLEDTube"
      },
      {
        "value": "Blocks.GLASS"
      },
      {
        "value": ""
      },
      {
        "value": "Blocks.GLASS"
      },
      {
        "value": ""
      }
    ],
    "recipeReturnStack": {
      "value": "CUSTOM:AsphaltRoadBlockIlluminationLight"
    },
    "name": "m_1",
    "namespace": "mod"
  }
}