{
  "_fv": 77,
  "_type": "fluid",
  "definition": {
    "name": "Petroleum",
    "bucketName": "Petroleum Bucket",
    "textureStill": "c1",
    "textureFlowing": "c1",
    "textureRenderOverlay": "zx2",
    "hasFog": true,
    "fogColor": {
      "value": -6710887,
      "falpha": 0.0
    },
    "fogStartDistance": {
      "fixedValue": 1.0
    },
    "fogEndDistance": {
      "fixedValue": 48.0
    },
    "tintType": "No tint",
    "canMultiply": false,
    "flowRate": 5,
    "levelDecrease": 1,
    "slopeFindDistance": 4,
    "spawnParticles": false,
    "dripParticle": {
      "value": "ASH"
    },
    "flowStrength": 1.0,
    "luminosity": 0,
    "density": 200,
    "viscosity": 200,
    "temperature": 30,
    "type": "WATER",
    "generateBucket": true,
    "textureBucket": "",
    "creativeTabs": [
      {
        "value": "CUSTOM:ImmersionInTrafficContext"
      }
    ],
    "emptySound": {
      "value": ""
    },
    "rarity": "UNCOMMON",
    "specialInformation": {
      "fixedValue": []
    },
    "resistance": 100.0,
    "luminance": 0,
    "lightOpacity": 1,
    "emissiveRendering": false,
    "tickRate": 0,
    "flammability": 9,
    "fireSpreadSpeed": 4,
    "colorOnMap": "BROWN"
  }
}