{
  "_fv": 77,
  "_type": "recipe",
  "definition": {
    "recipeType": "Crafting",
    "recipeRetstackSize": 8,
    "group": "q1",
    "cookingBookCategory": "MISC",
    "xpReward": 0.0,
    "cookingTime": 200,
    "craftingBookCategory": "MISC",
    "recipeShapeless": false,
    "recipeSlots": [
      {
        "value": "CUSTOM:TestTube"
      },
      {
        "value": "CUSTOM:TestTube"
      },
      {
        "value": "CUSTOM:TestTube"
      },
      {
        "value": "CUSTOM:TestTube"
      },
      {
        "value": "CUSTOM:Petroleum.bucket"
      },
      {
        "value": "CUSTOM:TestTube"
      },
      {
        "value": "CUSTOM:TestTube"
      },
      {
        "value": "CUSTOM:TestTube"
      },
      {
        "value": "CUSTOM:TestTube"
      }
    ],
    "recipeReturnStack": {
      "value": "CUSTOM:PetroleumInASmallBottle"
    },
    "name": "q_1",
    "namespace": "mod"
  }
}