{
  "_fv": 77,
  "_type": "recipe",
  "definition": {
    "recipeType": "Crafting",
    "recipeRetstackSize": 64,
    "group": "",
    "cookingBookCategory": "MISC",
    "xpReward": 0.0,
    "cookingTime": 200,
    "craftingBookCategory": "MISC",
    "recipeShapeless": false,
    "recipeSlots": [
      {
        "value": "CUSTOM:Hammer"
      },
      {
        "value": "CUSTOM:PetroleumInASmallBottle"
      },
      {
        "value": ""
      },
      {
        "value": ""
      },
      {
        "value": "Items.TORCH"
      },
      {
        "value": ""
      },
      {
        "value": ""
      },
      {
        "value": ""
      },
      {
        "value": ""
      }
    ],
    "recipeReturnStack": {
      "value": "CUSTOM:Asphalt"
    },
    "name": "q_2",
    "namespace": "mod"
  }
}