{
  "_fv": 77,
  "_type": "recipe",
  "definition": {
    "recipeType": "Crafting",
    "recipeRetstackSize": 8,
    "group": "q3",
    "cookingBookCategory": "MISC",
    "xpReward": 0.0,
    "cookingTime": 200,
    "craftingBookCategory": "MISC",
    "recipeShapeless": false,
    "recipeSlots": [
      {
        "value": "CUSTOM:Asphalt"
      },
      {
        "value": "CUSTOM:Asphalt"
      },
      {
        "value": "CUSTOM:Asphalt"
      },
      {
        "value": "CUSTOM:Asphalt"
      },
      {
        "value": "CUSTOM:Hammer"
      },
      {
        "value": "CUSTOM:Asphalt"
      },
      {
        "value": "CUSTOM:Asphalt"
      },
      {
        "value": "CUSTOM:Asphalt"
      },
      {
        "value": "CUSTOM:Asphalt"
      }
    ],
    "recipeReturnStack": {
      "value": "CUSTOM:RoughAsphaltBlock"
    },
    "name": "q_3",
    "namespace": "mod"
  }
}